DateTime,Snow Interval
11/29/22 17:00,0
11/29/22 18:00,0
11/29/22 19:00,0
11/29/22 20:00,0
11/29/22 21:00,0
11/29/22 22:00,0
11/29/22 23:00,0
11/30/22 0:00,0
11/30/22 1:00,0
11/30/22 2:00,0
11/30/22 3:00,0
11/30/22 4:00,0
11/30/22 5:00,0
11/30/22 6:00,0
11/30/22 7:00,0
11/30/22 8:00,0
11/30/22 9:00,0
11/30/22 10:00,0
11/30/22 11:00,0
11/30/22 12:00,0
11/30/22 13:00,0
11/30/22 14:00,0
11/30/22 15:00,0
11/30/22 16:00,0
11/30/22 17:00,0
11/30/22 18:00,0
11/30/22 19:00,0
11/30/22 20:00,0
11/30/22 21:00,0
11/30/22 22:00,0
11/30/22 23:00,0
12/1/22 0:00,0
12/1/22 1:00,0
12/1/22 2:00,0
12/1/22 3:00,0
12/1/22 4:00,0
12/1/22 5:00,0
12/1/22 6:00,0
12/1/22 7:00,0
12/1/22 8:00,0
12/1/22 9:00,0
12/1/22 10:00,0
12/1/22 11:00,0
12/1/22 12:00,0
12/1/22 13:00,0
12/1/22 14:00,0
12/1/22 15:00,0
12/1/22 16:00,0
12/1/22 17:00,0
12/1/22 18:00,0
12/1/22 19:00,0
12/1/22 20:00,0
12/1/22 21:00,1
12/1/22 22:00,2
12/1/22 23:00,4
12/2/22 0:00,6
12/2/22 1:00,6
12/2/22 2:00,7
12/2/22 3:00,9
12/2/22 4:00,10
12/2/22 5:00,12
12/2/22 6:00,12
12/2/22 7:00,13
12/2/22 8:00,0
12/2/22 9:00,0
12/2/22 10:00,0
12/2/22 11:00,0
12/2/22 12:00,0
12/2/22 13:00,0
12/2/22 14:00,0
12/2/22 15:00,0
12/2/22 16:00,0
12/2/22 17:00,0
12/2/22 18:00,0
12/2/22 19:00,0
12/2/22 20:00,0
12/2/22 21:00,0
12/2/22 22:00,0
12/2/22 23:00,0
12/3/22 0:00,0
12/3/22 1:00,0
12/3/22 2:00,0
12/3/22 3:00,0
12/3/22 4:00,0
12/3/22 5:00,0
12/3/22 6:00,0
12/3/22 7:00,0
12/3/22 8:00,0
12/3/22 9:00,0
12/3/22 10:00,0
12/3/22 11:00,0
12/3/22 12:00,0
12/3/22 13:00,0
12/3/22 14:00,0
12/3/22 15:00,0
12/3/22 16:00,0
12/3/22 17:00,0
12/3/22 18:00,0
12/3/22 19:00,0
12/3/22 20:00,0
12/3/22 21:00,0
12/3/22 22:00,0
12/3/22 23:00,0
12/4/22 0:00,0
12/4/22 1:00,0
12/4/22 2:00,0
12/4/22 3:00,0
12/4/22 4:00,0
12/4/22 5:00,0
12/4/22 6:00,0
12/4/22 7:00,0
12/4/22 8:00,0
12/4/22 9:00,0
12/4/22 10:00,0
12/4/22 11:00,0
12/4/22 12:00,0
12/4/22 13:00,0
12/4/22 14:00,0
12/4/22 15:00,0
12/4/22 16:00,0
12/4/22 17:00,0
12/4/22 18:00,0
12/4/22 19:00,0
12/4/22 20:00,0
12/4/22 21:00,0
12/4/22 22:00,0
12/4/22 23:00,0
12/5/22 0:00,2
12/5/22 1:00,3
12/5/22 2:00,4
12/5/22 3:00,6
12/5/22 4:00,7
12/5/22 5:00,8
12/5/22 6:00,1
12/5/22 7:00,1
12/5/22 8:00,1
12/5/22 9:00,1
12/5/22 10:00,1
12/5/22 11:00,1
12/5/22 12:00,1
12/5/22 13:00,2
12/5/22 14:00,3
12/5/22 15:00,4
12/5/22 16:00,4
12/5/22 17:00,0
12/5/22 18:00,0
12/5/22 19:00,0
12/5/22 20:00,0
12/5/22 21:00,0
12/5/22 22:00,0
12/5/22 23:00,0
12/6/22 0:00,0
12/6/22 1:00,0
12/6/22 2:00,0
12/6/22 3:00,0
12/6/22 4:00,0
12/6/22 5:00,0
12/6/22 6:00,0
12/6/22 7:00,0
12/6/22 8:00,0
12/6/22 9:00,0
12/6/22 10:00,0
12/6/22 11:00,0
12/6/22 12:00,0
12/6/22 13:00,0
12/6/22 14:00,0
12/6/22 15:00,0
12/6/22 16:00,0
12/6/22 17:00,0
12/6/22 18:00,0
12/6/22 19:00,0
12/6/22 20:00,0
12/6/22 21:00,0
12/6/22 22:00,0
12/6/22 23:00,0
12/7/22 0:00,0
12/7/22 1:00,0
12/7/22 2:00,0
12/7/22 3:00,0
12/7/22 4:00,0
12/7/22 5:00,0
12/7/22 6:00,0
12/7/22 7:00,0
12/7/22 8:00,0
12/7/22 9:00,0
12/7/22 10:00,0
12/7/22 11:00,0
12/7/22 12:00,0
12/7/22 13:00,0
12/7/22 14:00,0
12/7/22 15:00,NaN
12/7/22 16:00,NaN
12/7/22 17:00,NaN
12/7/22 18:00,NaN
12/7/22 19:00,0
12/7/22 20:00,2
12/7/22 21:00,2
12/7/22 22:00,3
12/7/22 23:00,3
12/8/22 0:00,3
12/8/22 1:00,4
12/8/22 2:00,4
12/8/22 3:00,4
12/8/22 4:00,4
12/8/22 5:00,4
12/8/22 6:00,4
12/8/22 7:00,4
12/8/22 8:00,4
12/8/22 9:00,4
12/8/22 10:00,0
12/8/22 11:00,0
12/8/22 12:00,0
12/8/22 13:00,0
12/8/22 14:00,0
12/8/22 15:00,0
12/8/22 16:00,0
12/8/22 17:00,0
12/8/22 18:00,0
12/8/22 19:00,0
12/8/22 20:00,0
12/8/22 21:00,0
12/8/22 22:00,0
12/8/22 23:00,0
12/9/22 0:00,0
12/9/22 1:00,0
12/9/22 2:00,0
12/9/22 3:00,0
12/9/22 4:00,0
12/9/22 5:00,0
12/9/22 6:00,0
12/9/22 7:00,0
12/9/22 8:00,0
12/9/22 9:00,0
12/9/22 10:00,0
12/9/22 11:00,0
12/9/22 12:00,0
12/9/22 13:00,0
12/9/22 14:00,0
12/9/22 15:00,0
12/9/22 16:00,0
12/9/22 17:00,0
12/9/22 18:00,0
12/9/22 19:00,0
12/9/22 20:00,0
12/9/22 21:00,0
12/9/22 22:00,0
12/9/22 23:00,0
12/10/22 0:00,0
12/10/22 1:00,0
12/10/22 2:00,0
12/10/22 3:00,0
12/10/22 4:00,0
12/10/22 5:00,0
12/10/22 6:00,0
12/10/22 7:00,0
12/10/22 8:00,0
12/10/22 9:00,0
12/10/22 10:00,0
12/10/22 11:00,0
12/10/22 12:00,0
12/10/22 13:00,0
12/10/22 14:00,0
12/10/22 15:00,0
12/10/22 16:00,0
12/10/22 17:00,0
12/10/22 18:00,0
12/10/22 19:00,0
12/10/22 20:00,0
12/10/22 21:00,0
12/10/22 22:00,0
12/10/22 23:00,0
12/11/22 0:00,0
12/11/22 1:00,0
12/11/22 2:00,0
12/11/22 3:00,0
12/11/22 4:00,0
12/11/22 5:00,0
12/11/22 6:00,0
12/11/22 7:00,0
12/11/22 8:00,0
12/11/22 9:00,0
12/11/22 10:00,0
12/11/22 11:00,0
12/11/22 12:00,0
12/11/22 13:00,0
12/11/22 14:00,0
12/11/22 15:00,1
12/11/22 16:00,2
12/11/22 17:00,2
12/11/22 18:00,4
12/11/22 19:00,5
12/11/22 20:00,7
12/11/22 21:00,7
12/11/22 22:00,9
12/11/22 23:00,11
12/12/22 0:00,15
12/12/22 1:00,16
12/12/22 2:00,16
12/12/22 3:00,0
12/12/22 4:00,0
12/12/22 5:00,0
12/12/22 6:00,0
12/12/22 7:00,0
12/12/22 8:00,0
12/12/22 9:00,0
12/12/22 10:00,0
12/12/22 11:00,0
12/12/22 12:00,0
12/12/22 13:00,0
12/12/22 14:00,1
12/12/22 15:00,3
12/12/22 16:00,4
12/12/22 17:00,0
12/12/22 18:00,1
12/12/22 19:00,2
12/12/22 20:00,2
12/12/22 21:00,3
12/12/22 22:00,4
12/12/22 23:00,4
12/13/22 0:00,4
12/13/22 1:00,5
12/13/22 2:00,6
12/13/22 3:00,7
12/13/22 4:00,8
12/13/22 5:00,0
12/13/22 6:00,0
12/13/22 7:00,2
12/13/22 8:00,4
12/13/22 9:00,4
12/13/22 10:00,6
12/13/22 11:00,6
12/13/22 12:00,6
12/13/22 13:00,7
12/13/22 14:00,8
12/13/22 15:00,8
12/13/22 16:00,9
12/13/22 17:00,0
12/13/22 18:00,0
12/13/22 19:00,1
12/13/22 20:00,1
12/13/22 21:00,2
12/13/22 22:00,2
12/13/22 23:00,3
12/14/22 0:00,4
12/14/22 1:00,4
12/14/22 2:00,5
12/14/22 3:00,6
12/14/22 4:00,7
12/14/22 5:00,7
12/14/22 6:00,0
12/14/22 7:00,2
12/14/22 8:00,3
12/14/22 9:00,4
12/14/22 10:00,4
12/14/22 11:00,5
12/14/22 12:00,5
12/14/22 13:00,6
12/14/22 14:00,6
12/14/22 15:00,6
12/14/22 16:00,6
12/14/22 17:00,0
12/14/22 18:00,0
12/14/22 19:00,0
12/14/22 20:00,0
12/14/22 21:00,0
12/14/22 22:00,0
12/14/22 23:00,0
12/15/22 0:00,0
12/15/22 1:00,0
12/15/22 2:00,0
12/15/22 3:00,1
12/15/22 4:00,2
12/15/22 5:00,3
12/15/22 6:00,4
12/15/22 7:00,4
12/15/22 8:00,5
12/15/22 9:00,6
12/15/22 10:00,6
12/15/22 11:00,2
12/15/22 12:00,4
12/15/22 13:00,6
12/15/22 14:00,7
12/15/22 15:00,8
12/15/22 16:00,8
12/15/22 17:00,0
12/15/22 18:00,0
12/15/22 19:00,0
12/15/22 20:00,0
12/15/22 21:00,0
12/15/22 22:00,0
12/15/22 23:00,0
12/16/22 0:00,0
12/16/22 1:00,0
12/16/22 2:00,0
12/16/22 3:00,0
12/16/22 4:00,0
12/16/22 5:00,0
12/16/22 6:00,0
12/16/22 7:00,0
12/16/22 8:00,0
12/16/22 9:00,0
12/16/22 10:00,0
12/16/22 11:00,0
12/16/22 12:00,0
12/16/22 13:00,0
12/16/22 14:00,0
12/16/22 15:00,0
12/16/22 16:00,0
12/16/22 17:00,0
12/16/22 18:00,0
12/16/22 19:00,0
12/16/22 20:00,0
12/16/22 21:00,0
12/16/22 22:00,0
12/16/22 23:00,0
12/17/22 0:00,0
12/17/22 1:00,0
12/17/22 2:00,0
12/17/22 3:00,0
12/17/22 4:00,0
12/17/22 5:00,0
12/17/22 6:00,0
12/17/22 7:00,0
12/17/22 8:00,0
12/17/22 9:00,0
12/17/22 10:00,0
12/17/22 11:00,0
12/17/22 12:00,0
12/17/22 13:00,0
12/17/22 14:00,0
12/17/22 15:00,0
12/17/22 16:00,0
12/17/22 17:00,0
12/17/22 18:00,0
12/17/22 19:00,0
12/17/22 20:00,0
12/17/22 21:00,0
12/17/22 22:00,0
12/17/22 23:00,0
12/18/22 0:00,0
12/18/22 1:00,0
12/18/22 2:00,0
12/18/22 3:00,0
12/18/22 4:00,0
12/18/22 5:00,0
12/18/22 6:00,0
12/18/22 7:00,0
12/18/22 8:00,0
12/18/22 9:00,0
12/18/22 10:00,0
12/18/22 11:00,0
12/18/22 12:00,0
12/18/22 13:00,0
12/18/22 14:00,0
12/18/22 15:00,0
12/18/22 16:00,0
12/18/22 17:00,0
12/18/22 18:00,0
12/18/22 19:00,0
12/18/22 20:00,0
12/18/22 21:00,0
12/18/22 22:00,0
12/18/22 23:00,0
12/19/22 0:00,0
12/19/22 1:00,0
12/19/22 2:00,0
12/19/22 3:00,0
12/19/22 4:00,0
12/19/22 5:00,0
12/19/22 6:00,0
12/19/22 7:00,0
12/19/22 8:00,0
12/19/22 9:00,0
12/19/22 10:00,0
12/19/22 11:00,0
12/19/22 12:00,0
12/19/22 13:00,0
12/19/22 14:00,0
12/19/22 15:00,0
12/19/22 16:00,0
12/19/22 17:00,0
12/19/22 18:00,0
12/19/22 19:00,0
12/19/22 20:00,0
12/19/22 21:00,0
12/19/22 22:00,0
12/19/22 23:00,0
12/20/22 0:00,0
12/20/22 1:00,0
12/20/22 2:00,0
12/20/22 3:00,0
12/20/22 4:00,0
12/20/22 5:00,0
12/20/22 6:00,0
12/20/22 7:00,0
12/20/22 8:00,0
12/20/22 9:00,0
12/20/22 10:00,0
12/20/22 11:00,0
12/20/22 12:00,0
12/20/22 13:00,0
12/20/22 14:00,0
12/20/22 15:00,0
12/20/22 16:00,0
12/20/22 17:00,0
12/20/22 18:00,0
12/20/22 19:00,0
12/20/22 20:00,0
12/20/22 21:00,0
12/20/22 22:00,0
12/20/22 23:00,0
12/21/22 0:00,0
12/21/22 1:00,0
12/21/22 2:00,0
12/21/22 3:00,0
12/21/22 4:00,0
12/21/22 5:00,0
12/21/22 6:00,0
12/21/22 7:00,0
12/21/22 8:00,0
12/21/22 9:00,0
12/21/22 10:00,0
12/21/22 11:00,0
12/21/22 12:00,0
12/21/22 13:00,0
12/21/22 14:00,0
12/21/22 15:00,1
12/21/22 16:00,1
12/21/22 17:00,0
12/21/22 18:00,0
12/21/22 19:00,2
12/21/22 20:00,3
12/21/22 21:00,6
12/21/22 22:00,8
12/21/22 23:00,9
12/22/22 0:00,9
12/22/22 1:00,10
12/22/22 2:00,10
12/22/22 3:00,11
12/22/22 4:00,11
12/22/22 5:00,11
12/22/22 6:00,11
12/22/22 7:00,0
12/22/22 8:00,0
12/22/22 9:00,0
12/22/22 10:00,0
12/22/22 11:00,0
12/22/22 12:00,0
12/22/22 13:00,0
12/22/22 14:00,0
12/22/22 15:00,0
12/22/22 16:00,0
12/22/22 17:00,0
12/22/22 18:00,0
12/22/22 19:00,0
12/22/22 20:00,0
12/22/22 21:00,0
12/22/22 22:00,0
12/22/22 23:00,0
12/23/22 0:00,0
12/23/22 1:00,0
12/23/22 2:00,0
12/23/22 3:00,0
12/23/22 4:00,0
12/23/22 5:00,0
12/23/22 6:00,0
12/23/22 7:00,0
12/23/22 8:00,0
12/23/22 9:00,0
12/23/22 10:00,0
12/23/22 11:00,0
12/23/22 12:00,0
12/23/22 13:00,0
12/23/22 14:00,0
12/23/22 15:00,0
12/23/22 16:00,0
12/23/22 17:00,0
12/23/22 18:00,0
12/23/22 19:00,0
12/23/22 20:00,0
12/23/22 21:00,0
12/23/22 22:00,0
12/23/22 23:00,0
12/24/22 0:00,0
12/24/22 1:00,0
12/24/22 2:00,0
12/24/22 3:00,1
12/24/22 4:00,1
12/24/22 5:00,2
12/24/22 6:00,2
12/24/22 7:00,2
12/24/22 8:00,2
12/24/22 9:00,2
12/24/22 10:00,0
12/24/22 11:00,0
12/24/22 12:00,0
12/24/22 13:00,0
12/24/22 14:00,0
12/24/22 15:00,0
12/24/22 16:00,0
12/24/22 17:00,0
12/24/22 18:00,0
12/24/22 19:00,0
12/24/22 20:00,0
12/24/22 21:00,0
12/24/22 22:00,0
12/24/22 23:00,0
12/25/22 0:00,0
12/25/22 1:00,0
12/25/22 2:00,0
12/25/22 3:00,0
12/25/22 4:00,0
12/25/22 5:00,0
12/25/22 6:00,0
12/25/22 7:00,0
12/25/22 8:00,0
12/25/22 9:00,0
12/25/22 10:00,0
12/25/22 11:00,0
12/25/22 12:00,0
12/25/22 13:00,0
12/25/22 14:00,0
12/25/22 15:00,0
12/25/22 16:00,0
12/25/22 17:00,0
12/25/22 18:00,0
12/25/22 19:00,0
12/25/22 20:00,0
12/25/22 21:00,0
12/25/22 22:00,0
12/25/22 23:00,0
12/26/22 0:00,0
12/26/22 1:00,0
12/26/22 2:00,0
12/26/22 3:00,0
12/26/22 4:00,0
12/26/22 5:00,0
12/26/22 6:00,0
12/26/22 7:00,0
12/26/22 8:00,0
12/26/22 9:00,0
12/26/22 10:00,0
12/26/22 11:00,0
12/26/22 12:00,0
12/26/22 13:00,0
12/26/22 14:00,0
12/26/22 15:00,0
12/26/22 16:00,0
12/26/22 17:00,0
12/26/22 18:00,0
12/26/22 19:00,0
12/26/22 20:00,0
12/26/22 21:00,0
12/26/22 22:00,0
12/26/22 23:00,0
12/27/22 0:00,0
12/27/22 1:00,0
12/27/22 2:00,0
12/27/22 3:00,0
12/27/22 4:00,0
12/27/22 5:00,0
12/27/22 6:00,0
12/27/22 7:00,0
12/27/22 8:00,0
12/27/22 9:00,0
12/27/22 10:00,0
12/27/22 11:00,0
12/27/22 12:00,1
12/27/22 13:00,2
12/27/22 14:00,2
12/27/22 15:00,3
12/27/22 16:00,4
12/27/22 17:00,0
12/27/22 18:00,1
12/27/22 19:00,2
12/27/22 20:00,2
12/27/22 21:00,2
12/27/22 22:00,2
12/27/22 23:00,3
12/28/22 0:00,3
12/28/22 1:00,4
12/28/22 2:00,5
12/28/22 3:00,7
12/28/22 4:00,9
12/28/22 5:00,9
12/28/22 6:00,1
12/28/22 7:00,2
12/28/22 8:00,4
12/28/22 9:00,5
12/28/22 10:00,5
12/28/22 11:00,6
12/28/22 12:00,7
12/28/22 13:00,7
12/28/22 14:00,7
12/28/22 15:00,8
12/28/22 16:00,8
12/28/22 17:00,2
12/28/22 18:00,2
12/28/22 19:00,3
12/28/22 20:00,3
12/28/22 21:00,4
12/28/22 22:00,4
12/28/22 23:00,5
12/29/22 0:00,5
12/29/22 1:00,6
12/29/22 2:00,6
12/29/22 3:00,6
12/29/22 4:00,6
12/29/22 5:00,6
12/29/22 6:00,6
12/29/22 7:00,0
12/29/22 8:00,0
12/29/22 9:00,0
12/29/22 10:00,0
12/29/22 11:00,0
12/29/22 12:00,0
12/29/22 13:00,0
12/29/22 14:00,0
12/29/22 15:00,0
12/29/22 16:00,0
12/29/22 17:00,0
12/29/22 18:00,0
12/29/22 19:00,0
12/29/22 20:00,0
12/29/22 21:00,0
12/29/22 22:00,0
12/29/22 23:00,0
12/30/22 0:00,0
12/30/22 1:00,0
12/30/22 2:00,0
12/30/22 3:00,0
12/30/22 4:00,0
12/30/22 5:00,0
12/30/22 6:00,0
12/30/22 7:00,0
12/30/22 8:00,0
12/30/22 9:00,0
12/30/22 10:00,0
12/30/22 11:00,0
12/30/22 12:00,0
12/30/22 13:00,1
12/30/22 14:00,2
12/30/22 15:00,3
12/30/22 16:00,3
12/30/22 17:00,1
12/30/22 18:00,2
12/30/22 19:00,2
12/30/22 20:00,2
12/30/22 21:00,2
12/30/22 22:00,2
12/30/22 23:00,3
12/31/22 0:00,3
12/31/22 1:00,4
12/31/22 2:00,4
12/31/22 3:00,4
12/31/22 4:00,4
12/31/22 5:00,4
12/31/22 6:00,4
12/31/22 7:00,4
12/31/22 8:00,0
12/31/22 9:00,0
12/31/22 10:00,1
12/31/22 11:00,2
12/31/22 12:00,3
12/31/22 13:00,3
12/31/22 14:00,4
12/31/22 15:00,4
12/31/22 16:00,4
12/31/22 17:00,0
12/31/22 18:00,1
12/31/22 19:00,2
12/31/22 20:00,2
12/31/22 21:00,3
12/31/22 22:00,3
12/31/22 23:00,4
1/1/23 0:00,5
1/1/23 1:00,6
1/1/23 2:00,8
1/1/23 3:00,9
1/1/23 4:00,10
1/1/23 5:00,11
1/1/23 6:00,11
1/1/23 7:00,1
1/1/23 8:00,2
1/1/23 9:00,4
1/1/23 10:00,5
1/1/23 11:00,6
1/1/23 12:00,7
1/1/23 13:00,8
1/1/23 14:00,9
1/1/23 15:00,9
1/1/23 16:00,9
1/1/23 17:00,0
1/1/23 18:00,1
1/1/23 19:00,2
1/1/23 20:00,4
1/1/23 21:00,4
1/1/23 22:00,5
1/1/23 23:00,5
1/2/23 0:00,5
1/2/23 1:00,5
1/2/23 2:00,5
1/2/23 3:00,5
1/2/23 4:00,5
1/2/23 5:00,5
1/2/23 6:00,5
1/2/23 7:00,5
1/2/23 8:00,5
1/2/23 9:00,0
1/2/23 10:00,0
1/2/23 11:00,0
1/2/23 12:00,0
1/2/23 13:00,0
1/2/23 14:00,0
1/2/23 15:00,0
1/2/23 16:00,0
1/2/23 17:00,0
1/2/23 18:00,0
1/2/23 19:00,0
1/2/23 20:00,0
1/2/23 21:00,0
1/2/23 22:00,0
1/2/23 23:00,0
1/3/23 0:00,0
1/3/23 1:00,0
1/3/23 2:00,0
1/3/23 3:00,0
1/3/23 4:00,0
1/3/23 5:00,1
1/3/23 6:00,1
1/3/23 7:00,1
1/3/23 8:00,0
1/3/23 9:00,1
1/3/23 10:00,3
1/3/23 11:00,4
1/3/23 12:00,4
1/3/23 13:00,4
1/3/23 14:00,4
1/3/23 15:00,4
1/3/23 16:00,5
1/3/23 17:00,0
1/3/23 18:00,0
1/3/23 19:00,0
1/3/23 20:00,0
1/3/23 21:00,0
1/3/23 22:00,0
1/3/23 23:00,1
1/4/23 0:00,0
1/4/23 1:00,0
1/4/23 2:00,0
1/4/23 3:00,0
1/4/23 4:00,0
1/4/23 5:00,0
1/4/23 6:00,0
1/4/23 7:00,0
1/4/23 8:00,0
1/4/23 9:00,0
1/4/23 10:00,0
1/4/23 11:00,0
1/4/23 12:00,0
1/4/23 13:00,0
1/4/23 14:00,0
1/4/23 15:00,0
1/4/23 16:00,0
1/4/23 17:00,0
1/4/23 18:00,0
1/4/23 19:00,0
1/4/23 20:00,0
1/4/23 21:00,0
1/4/23 22:00,0
1/4/23 23:00,0
1/5/23 0:00,0
1/5/23 1:00,0
1/5/23 2:00,0
1/5/23 3:00,0
1/5/23 4:00,0
1/5/23 5:00,0
1/5/23 6:00,0
1/5/23 7:00,0
1/5/23 8:00,0
1/5/23 9:00,0
1/5/23 10:00,0
1/5/23 11:00,0
1/5/23 12:00,0
1/5/23 13:00,0
1/5/23 14:00,0
1/5/23 15:00,2
1/5/23 16:00,2
1/5/23 17:00,0
1/5/23 18:00,0
1/5/23 19:00,0
1/5/23 20:00,0
1/5/23 21:00,1
1/5/23 22:00,2
1/5/23 23:00,2
1/6/23 0:00,3
1/6/23 1:00,4
1/6/23 2:00,5
1/6/23 3:00,8
1/6/23 4:00,9
1/6/23 5:00,10
1/6/23 6:00,10
1/6/23 7:00,2
1/6/23 8:00,3
1/6/23 9:00,4
1/6/23 10:00,5
1/6/23 11:00,6
1/6/23 12:00,8
1/6/23 13:00,9
1/6/23 14:00,9
1/6/23 15:00,10
1/6/23 16:00,10
1/6/23 17:00,0
1/6/23 18:00,0
1/6/23 19:00,1
1/6/23 20:00,2
1/6/23 21:00,2
1/6/23 22:00,2
1/6/23 23:00,2
1/7/23 0:00,2
1/7/23 1:00,2
1/7/23 2:00,2
1/7/23 3:00,2
1/7/23 4:00,2
1/7/23 5:00,2
1/7/23 6:00,2
1/7/23 7:00,2
1/7/23 8:00,2
1/7/23 9:00,2
1/7/23 10:00,2
1/7/23 11:00,0
1/7/23 12:00,0
1/7/23 13:00,0
1/7/23 14:00,0
1/7/23 15:00,0
1/7/23 16:00,0
1/7/23 17:00,0
1/7/23 18:00,0
1/7/23 19:00,0
1/7/23 20:00,0
1/7/23 21:00,0
1/7/23 22:00,0
1/7/23 23:00,0
1/8/23 0:00,0
1/8/23 1:00,0
1/8/23 2:00,0
1/8/23 3:00,0
1/8/23 4:00,0
1/8/23 5:00,0
1/8/23 6:00,0
1/8/23 7:00,0
1/8/23 8:00,0
1/8/23 9:00,0
1/8/23 10:00,0
1/8/23 11:00,0
1/8/23 12:00,0
1/8/23 13:00,0
1/8/23 14:00,0
1/8/23 15:00,0
1/8/23 16:00,0
1/8/23 17:00,0
1/8/23 18:00,0
1/8/23 19:00,0
1/8/23 20:00,0
1/8/23 21:00,0
1/8/23 22:00,0
1/8/23 23:00,0
1/9/23 0:00,0
1/9/23 1:00,0
1/9/23 2:00,0
1/9/23 3:00,0
1/9/23 4:00,0
1/9/23 5:00,0
1/9/23 6:00,0
1/9/23 7:00,0
1/9/23 8:00,0
1/9/23 9:00,0
1/9/23 10:00,0
1/9/23 11:00,0
1/9/23 12:00,0
1/9/23 13:00,1
1/9/23 14:00,1
1/9/23 15:00,3
1/9/23 16:00,3
1/9/23 17:00,1
1/9/23 18:00,2
1/9/23 19:00,2
1/9/23 20:00,3
1/9/23 21:00,4
1/9/23 22:00,5
1/9/23 23:00,5
1/10/23 0:00,6
1/10/23 1:00,6
1/10/23 2:00,7
1/10/23 3:00,9
1/10/23 4:00,10
1/10/23 5:00,1
1/10/23 6:00,2
1/10/23 7:00,3
1/10/23 8:00,4
1/10/23 9:00,4
1/10/23 10:00,4
1/10/23 11:00,4
1/10/23 12:00,4
1/10/23 13:00,4
1/10/23 14:00,5
1/10/23 15:00,6
1/10/23 16:00,6
1/10/23 17:00,1
1/10/23 18:00,2
1/10/23 19:00,4
1/10/23 20:00,6
1/10/23 21:00,8
1/10/23 22:00,8
1/10/23 23:00,8
1/11/23 0:00,9
1/11/23 1:00,12
1/11/23 2:00,14
1/11/23 3:00,15
1/11/23 4:00,15
1/11/23 5:00,0
1/11/23 6:00,2
1/11/23 7:00,4
1/11/23 8:00,5
1/11/23 9:00,6
1/11/23 10:00,6
1/11/23 11:00,6
1/11/23 12:00,6
1/11/23 13:00,6
1/11/23 14:00,6
1/11/23 15:00,6
1/11/23 16:00,0
1/11/23 17:00,0
1/11/23 18:00,0
1/11/23 19:00,0
1/11/23 20:00,0
1/11/23 21:00,0
1/11/23 22:00,0
1/11/23 23:00,0
1/12/23 0:00,0
1/12/23 1:00,0
1/12/23 2:00,0
1/12/23 3:00,0
1/12/23 4:00,0
1/12/23 5:00,0
1/12/23 6:00,0
1/12/23 7:00,0
1/12/23 8:00,0
1/12/23 9:00,0
1/12/23 10:00,0
1/12/23 11:00,0
1/12/23 12:00,0
1/12/23 13:00,0
1/12/23 14:00,0
1/12/23 15:00,0
1/12/23 16:00,0
1/12/23 17:00,0
1/12/23 18:00,0
1/12/23 19:00,0
1/12/23 20:00,0
1/12/23 21:00,0
1/12/23 22:00,0
1/12/23 23:00,0
1/13/23 0:00,0
1/13/23 1:00,0
1/13/23 2:00,0
1/13/23 3:00,0
1/13/23 4:00,0
1/13/23 5:00,0
1/13/23 6:00,0
1/13/23 7:00,0
1/13/23 8:00,0
1/13/23 9:00,0
1/13/23 10:00,0
1/13/23 11:00,0
1/13/23 12:00,0
1/13/23 13:00,0
1/13/23 14:00,0
1/13/23 15:00,0
1/13/23 16:00,0
1/13/23 17:00,0
1/13/23 18:00,0
1/13/23 19:00,0
1/13/23 20:00,0
1/13/23 21:00,0
1/13/23 22:00,0
1/13/23 23:00,0
1/14/23 0:00,0
1/14/23 1:00,0
1/14/23 2:00,0
1/14/23 3:00,0
1/14/23 4:00,0
1/14/23 5:00,0
1/14/23 6:00,0
1/14/23 7:00,0
1/14/23 8:00,0
1/14/23 9:00,0
1/14/23 10:00,0
1/14/23 11:00,0
1/14/23 12:00,0
1/14/23 13:00,0
1/14/23 14:00,0
1/14/23 15:00,0
1/14/23 16:00,0
1/14/23 17:00,0
1/14/23 18:00,0
1/14/23 19:00,0
1/14/23 20:00,0
1/14/23 21:00,1
1/14/23 22:00,3
1/14/23 23:00,4
1/15/23 0:00,5
1/15/23 1:00,6
1/15/23 2:00,7
1/15/23 3:00,9
1/15/23 4:00,11
1/15/23 5:00,0
1/15/23 6:00,2
1/15/23 7:00,3
1/15/23 8:00,4
1/15/23 9:00,5
1/15/23 10:00,5
1/15/23 11:00,5
1/15/23 12:00,7
1/15/23 13:00,9
1/15/23 14:00,10
1/15/23 15:00,12
1/15/23 16:00,12
1/15/23 17:00,1
1/15/23 18:00,2
1/15/23 19:00,2
1/15/23 20:00,2
1/15/23 21:00,2
1/15/23 22:00,2
1/15/23 23:00,2
1/16/23 0:00,1
1/16/23 1:00,2
1/16/23 2:00,2
1/16/23 3:00,2
1/16/23 4:00,3
1/16/23 5:00,0
1/16/23 6:00,0
1/16/23 7:00,2
1/16/23 8:00,2
1/16/23 9:00,2
1/16/23 10:00,2
1/16/23 11:00,3
1/16/23 12:00,3
1/16/23 13:00,3
1/16/23 14:00,4
1/16/23 16:00,0
1/16/23 17:00,2
1/16/23 18:00,2
1/16/23 19:00,3
1/16/23 20:00,3
1/16/23 21:00,4
1/16/23 22:00,5
1/16/23 23:00,6
1/17/23 0:00,7
1/17/23 1:00,7
1/17/23 2:00,8
1/17/23 3:00,12
1/17/23 4:00,13
1/17/23 5:00,2
1/17/23 6:00,2
1/17/23 7:00,3
1/17/23 8:00,3
1/17/23 9:00,3
1/17/23 10:00,3
1/17/23 11:00,3
1/17/23 12:00,3
1/17/23 13:00,2
1/17/23 14:00,3
1/17/23 15:00,3
1/17/23 16:00,4
1/17/23 17:00,0
1/17/23 18:00,1
1/17/23 19:00,1
1/17/23 20:00,2
1/17/23 21:00,2
1/17/23 22:00,3
1/17/23 23:00,3
1/18/23 0:00,2
1/18/23 1:00,3
1/18/23 2:00,4
1/18/23 3:00,5
1/18/23 4:00,5
1/18/23 5:00,0
1/18/23 6:00,0
1/18/23 7:00,1
1/18/23 8:00,2
1/18/23 9:00,2
1/18/23 10:00,2
1/18/23 11:00,2
1/18/23 12:00,2
1/18/23 13:00,2
1/18/23 14:00,2
1/18/23 15:00,2
1/18/23 16:00,0
1/18/23 17:00,0
1/18/23 18:00,0
1/18/23 19:00,0
1/18/23 20:00,0
1/18/23 21:00,0
1/18/23 22:00,0
1/18/23 23:00,0
1/19/23 0:00,0
1/19/23 1:00,0
1/19/23 2:00,0
1/19/23 3:00,0
1/19/23 4:00,0
1/19/23 5:00,0
1/19/23 6:00,0
1/19/23 7:00,0
1/19/23 8:00,0
1/19/23 9:00,0
1/19/23 10:00,0
1/19/23 11:00,0
1/19/23 12:00,0
1/19/23 13:00,0
1/19/23 14:00,0
1/19/23 15:00,1
1/19/23 16:00,1
1/19/23 17:00,0
1/19/23 18:00,0
1/19/23 19:00,0
1/19/23 20:00,0
1/19/23 21:00,0
1/19/23 22:00,0
1/19/23 23:00,0
1/20/23 0:00,0
1/20/23 1:00,0
1/20/23 2:00,0
1/20/23 3:00,0
1/20/23 4:00,0
1/20/23 5:00,0
1/20/23 6:00,0
1/20/23 7:00,0
1/20/23 8:00,0
1/20/23 9:00,0
1/20/23 10:00,0
1/20/23 11:00,0
1/20/23 12:00,0
1/20/23 13:00,0
1/20/23 14:00,0
1/20/23 15:00,0
1/20/23 16:00,0
1/20/23 17:00,0
1/20/23 18:00,0
1/20/23 19:00,0
1/20/23 20:00,0
1/20/23 21:00,0
1/20/23 22:00,0
1/20/23 23:00,0
1/21/23 0:00,0
1/21/23 1:00,0
1/21/23 2:00,0
1/21/23 3:00,0
1/21/23 4:00,0
1/21/23 5:00,0
1/21/23 6:00,0
1/21/23 7:00,0
1/21/23 8:00,0
1/21/23 9:00,0
1/21/23 10:00,0
1/21/23 11:00,0
1/21/23 12:00,0
1/21/23 13:00,0
1/21/23 14:00,0
1/21/23 15:00,0
1/21/23 16:00,0
1/21/23 17:00,0
1/21/23 18:00,0
1/21/23 19:00,0
1/21/23 20:00,0
1/21/23 21:00,0
1/21/23 22:00,0
1/21/23 23:00,0
1/22/23 0:00,0
1/22/23 1:00,0
1/22/23 2:00,0
1/22/23 3:00,0
1/22/23 4:00,0
1/22/23 5:00,0
1/22/23 6:00,0
1/22/23 7:00,0
1/22/23 8:00,0
1/22/23 9:00,0
1/22/23 10:00,0
1/22/23 11:00,0
1/22/23 12:00,0
1/22/23 13:00,0
1/22/23 14:00,0
1/22/23 15:00,0
1/22/23 16:00,1
1/22/23 17:00,0
1/22/23 18:00,0
1/22/23 19:00,0
1/22/23 20:00,0
1/22/23 21:00,0
1/22/23 22:00,0
1/22/23 23:00,0
1/23/23 0:00,0
1/23/23 1:00,0
1/23/23 2:00,0
1/23/23 3:00,0
1/23/23 4:00,0
1/23/23 5:00,0
1/23/23 6:00,0
1/23/23 7:00,0
1/23/23 8:00,0
1/23/23 9:00,0
1/23/23 10:00,0
1/23/23 11:00,0
1/23/23 12:00,0
1/23/23 13:00,0
1/23/23 14:00,0
1/23/23 15:00,0
1/23/23 16:00,0
1/23/23 17:00,0
1/23/23 18:00,0
1/23/23 19:00,0
1/23/23 20:00,0
1/23/23 21:00,0
1/23/23 22:00,0
1/23/23 23:00,0
1/24/23 0:00,2
1/24/23 1:00,2
1/24/23 2:00,0
1/24/23 3:00,0
1/24/23 4:00,1
1/24/23 5:00,1
1/24/23 6:00,1
1/24/23 7:00,0
1/24/23 8:00,0
1/24/23 9:00,0
1/24/23 10:00,0
1/24/23 11:00,0
1/24/23 12:00,0
1/24/23 13:00,0
1/24/23 14:00,0
1/24/23 15:00,0
1/24/23 16:00,0
1/24/23 17:00,0
1/24/23 18:00,0
1/24/23 19:00,0
1/24/23 20:00,0
1/24/23 21:00,0
1/24/23 22:00,0
1/24/23 23:00,2
1/25/23 0:00,3
1/25/23 1:00,5
1/25/23 2:00,7
1/25/23 3:00,8
1/25/23 4:00,9
1/25/23 5:00,9
1/25/23 6:00,0
1/25/23 7:00,0
1/25/23 8:00,0
1/25/23 9:00,0
1/25/23 10:00,0
1/25/23 11:00,0
1/25/23 12:00,0
1/25/23 13:00,0
1/25/23 14:00,0
1/25/23 15:00,0
1/25/23 16:00,0
1/25/23 17:00,0
1/25/23 18:00,0
1/25/23 19:00,0
1/25/23 20:00,1
1/25/23 21:00,1
1/25/23 22:00,1
1/25/23 23:00,0
1/26/23 0:00,1
1/26/23 1:00,1
1/26/23 2:00,2
1/26/23 3:00,2
1/26/23 4:00,1
1/26/23 5:00,1
1/26/23 6:00,1
1/26/23 7:00,0
1/26/23 8:00,0
1/26/23 9:00,0
1/26/23 10:00,0
1/26/23 11:00,0
1/26/23 12:00,0
1/26/23 13:00,0
1/26/23 14:00,0
1/26/23 15:00,0
1/26/23 16:00,0
1/26/23 17:00,0
1/26/23 18:00,0
1/26/23 19:00,0
1/26/23 20:00,0
1/26/23 21:00,0
1/26/23 22:00,0
1/26/23 23:00,0
1/27/23 0:00,0
1/27/23 1:00,0
1/27/23 2:00,0
1/27/23 3:00,0
1/27/23 4:00,0
1/27/23 5:00,0
1/27/23 6:00,0
1/27/23 7:00,0
1/27/23 8:00,1
1/27/23 9:00,2
1/27/23 10:00,2
1/27/23 11:00,2
1/27/23 12:00,2
1/27/23 13:00,2
1/27/23 14:00,2
1/27/23 15:00,3
1/27/23 16:00,3
1/27/23 17:00,0
1/27/23 18:00,2
1/27/23 19:00,3
1/27/23 20:00,4
1/27/23 21:00,5
1/27/23 22:00,5
1/27/23 23:00,6
1/28/23 0:00,6
1/28/23 1:00,6
1/28/23 2:00,7
1/28/23 3:00,7
1/28/23 4:00,7
1/28/23 5:00,8
1/28/23 6:00,9
1/28/23 7:00,10
1/28/23 8:00,10
1/28/23 9:00,0
1/28/23 10:00,2
1/28/23 11:00,3
1/28/23 12:00,3
1/28/23 13:00,3
1/28/23 14:00,3
1/28/23 15:00,3
1/28/23 16:00,3
1/28/23 17:00,0
1/28/23 18:00,0
1/28/23 19:00,0
1/28/23 20:00,0
1/28/23 21:00,0
1/28/23 22:00,0
1/28/23 23:00,0
1/29/23 0:00,0
1/29/23 1:00,0
1/29/23 2:00,0
1/29/23 3:00,0
1/29/23 4:00,0
1/29/23 5:00,1
1/29/23 6:00,1
1/29/23 7:00,2
1/29/23 8:00,2
1/29/23 9:00,3
1/29/23 10:00,4
1/29/23 11:00,4
1/29/23 12:00,4
1/29/23 13:00,5
1/29/23 14:00,5
1/29/23 15:00,5
1/29/23 16:00,5
1/29/23 17:00,0
1/29/23 18:00,0
1/29/23 19:00,0
1/29/23 20:00,0
1/29/23 21:00,0
1/29/23 22:00,0
1/29/23 23:00,0
1/30/23 0:00,0
1/30/23 1:00,0
1/30/23 2:00,0
1/30/23 3:00,0
1/30/23 4:00,0
1/30/23 5:00,0
1/30/23 6:00,0
1/30/23 7:00,0
1/30/23 8:00,0
1/30/23 9:00,0
1/30/23 10:00,0
1/30/23 11:00,0
1/30/23 12:00,0
1/30/23 13:00,0
1/30/23 14:00,0
1/30/23 15:00,0
1/30/23 16:00,0
1/30/23 17:00,0
1/30/23 18:00,0
1/30/23 19:00,0
1/30/23 20:00,0
1/30/23 21:00,0
1/30/23 22:00,0
1/30/23 23:00,0
1/31/23 0:00,0
1/31/23 1:00,0
1/31/23 2:00,0
1/31/23 3:00,0
1/31/23 4:00,0
1/31/23 5:00,0
1/31/23 6:00,0
1/31/23 7:00,0
1/31/23 8:00,0
1/31/23 9:00,0
1/31/23 10:00,0
1/31/23 11:00,0
1/31/23 12:00,0
1/31/23 13:00,0
1/31/23 14:00,0
1/31/23 15:00,0
1/31/23 16:00,0
1/31/23 17:00,0
1/31/23 18:00,0
1/31/23 19:00,0
1/31/23 20:00,0
1/31/23 21:00,0
1/31/23 22:00,0
1/31/23 23:00,0
2/1/23 0:00,0
2/1/23 1:00,0
2/1/23 2:00,0
2/1/23 3:00,0
2/1/23 4:00,0
2/1/23 5:00,0
2/1/23 6:00,0
2/1/23 7:00,0
2/1/23 8:00,0
2/1/23 9:00,0
2/1/23 10:00,0
2/1/23 11:00,0
2/1/23 12:00,0
2/1/23 13:00,0
2/1/23 14:00,0
2/1/23 15:00,0
2/1/23 16:00,0
2/1/23 17:00,0
2/1/23 18:00,0
2/1/23 19:00,0
2/1/23 20:00,0
2/1/23 21:00,0
2/1/23 22:00,0
2/1/23 23:00,0
2/2/23 0:00,0
2/2/23 1:00,0
2/2/23 2:00,0
2/2/23 3:00,0
2/2/23 4:00,0
2/2/23 5:00,0
2/2/23 6:00,0
2/2/23 7:00,0
2/2/23 8:00,0
2/2/23 9:00,0
2/2/23 10:00,0
2/2/23 11:00,0
2/2/23 12:00,0
2/2/23 13:00,0
2/2/23 14:00,0
2/2/23 15:00,0
2/2/23 16:00,0
2/2/23 17:00,0
2/2/23 18:00,0
2/2/23 19:00,0
2/2/23 20:00,0
2/2/23 21:00,0
2/2/23 22:00,0
2/2/23 23:00,0
2/3/23 0:00,0
2/3/23 1:00,0
2/3/23 2:00,0
2/3/23 3:00,0
2/3/23 4:00,0
2/3/23 5:00,0
2/3/23 6:00,0
2/3/23 7:00,0
2/3/23 8:00,0
2/3/23 9:00,0
2/3/23 10:00,0
2/3/23 11:00,0
2/3/23 12:00,0
2/3/23 13:00,0
2/3/23 14:00,0
2/3/23 15:00,0
2/3/23 16:00,0
2/3/23 17:00,0
2/3/23 18:00,0
2/3/23 19:00,0
2/3/23 20:00,0
2/3/23 21:00,0
2/3/23 22:00,0
2/3/23 23:00,0
2/4/23 0:00,0
2/4/23 1:00,0
2/4/23 2:00,0
2/4/23 3:00,0
2/4/23 4:00,0
2/4/23 5:00,0
2/4/23 6:00,0
2/4/23 7:00,0
2/4/23 8:00,0
2/4/23 9:00,0
2/4/23 10:00,0
2/4/23 11:00,0
2/4/23 12:00,0
2/4/23 13:00,0
2/4/23 14:00,0
2/4/23 15:00,0
2/4/23 16:00,0
2/4/23 17:00,0
2/4/23 18:00,0
2/4/23 19:00,0
2/4/23 20:00,0
2/4/23 21:00,0
2/4/23 22:00,0
2/4/23 23:00,0
2/5/23 0:00,0
2/5/23 1:00,0
2/5/23 2:00,0
2/5/23 3:00,0
2/5/23 4:00,0
2/5/23 5:00,0
2/5/23 6:00,0
2/5/23 7:00,0
2/5/23 8:00,0
2/5/23 9:00,0
2/5/23 10:00,0
2/5/23 11:00,0
2/5/23 12:00,0
2/5/23 13:00,3
2/5/23 14:00,4
2/5/23 15:00,6
2/5/23 16:00,7
2/5/23 17:00,0
2/5/23 18:00,2
2/5/23 19:00,2
2/5/23 20:00,2
2/5/23 21:00,2
2/5/23 22:00,2
2/5/23 23:00,2
2/6/23 0:00,2
2/6/23 1:00,3
2/6/23 2:00,3
2/6/23 3:00,3
2/6/23 4:00,3
2/6/23 5:00,4
2/6/23 6:00,0
2/6/23 7:00,2
2/6/23 8:00,3
2/6/23 9:00,5
2/6/23 10:00,6
2/6/23 11:00,7
2/6/23 12:00,8
2/6/23 13:00,8
2/6/23 14:00,8
2/6/23 15:00,9
2/6/23 16:00,0
2/6/23 17:00,0
2/6/23 18:00,0
2/6/23 19:00,0
2/6/23 20:00,0
2/6/23 21:00,0
2/6/23 22:00,0
2/6/23 23:00,0
2/7/23 0:00,0
2/7/23 1:00,0
2/7/23 2:00,0
2/7/23 3:00,0
2/7/23 4:00,0
2/7/23 5:00,0
2/7/23 6:00,0
2/7/23 7:00,0
2/7/23 8:00,0
2/7/23 9:00,0
2/7/23 10:00,0
2/7/23 11:00,0
2/7/23 12:00,0
2/7/23 13:00,0
2/7/23 14:00,0
2/7/23 15:00,0
2/7/23 16:00,0
2/7/23 17:00,0
2/7/23 18:00,0
2/7/23 19:00,0
2/7/23 20:00,0
2/7/23 21:00,0
2/7/23 22:00,0
2/7/23 23:00,0
2/8/23 0:00,0
2/8/23 1:00,0
2/8/23 2:00,0
2/8/23 3:00,0
2/8/23 4:00,0
2/8/23 5:00,0
2/8/23 6:00,0
2/8/23 7:00,0
2/8/23 8:00,0
2/8/23 9:00,0
2/8/23 10:00,0
2/8/23 11:00,0
2/8/23 12:00,0
2/8/23 13:00,0
2/8/23 14:00,0
2/8/23 15:00,0
2/8/23 16:00,0
2/8/23 17:00,2
2/8/23 18:00,2
2/8/23 19:00,2
2/8/23 20:00,2
2/8/23 21:00,2
2/8/23 22:00,2
2/8/23 23:00,2
2/9/23 0:00,2
2/9/23 1:00,2
2/9/23 2:00,2
2/9/23 3:00,2
2/9/23 4:00,2
2/9/23 5:00,2
2/9/23 6:00,2
2/9/23 7:00,2
2/9/23 8:00,2
2/9/23 9:00,2
2/9/23 10:00,0
2/9/23 11:00,0
2/9/23 12:00,0
2/9/23 13:00,0
2/9/23 14:00,0
2/9/23 15:00,0
2/9/23 16:00,0
2/9/23 17:00,0
2/9/23 18:00,0
2/9/23 19:00,0
2/9/23 20:00,0
2/9/23 21:00,0
2/9/23 22:00,0
2/9/23 23:00,0
2/10/23 0:00,0
2/10/23 1:00,0
2/10/23 2:00,0
2/10/23 3:00,0
2/10/23 4:00,0
2/10/23 5:00,0
2/10/23 6:00,0
2/10/23 7:00,0
2/10/23 8:00,0
2/10/23 9:00,0
2/10/23 10:00,0
2/10/23 11:00,0
2/10/23 12:00,0
2/10/23 13:00,0
2/10/23 14:00,0
2/10/23 15:00,0
2/10/23 16:00,0
2/10/23 17:00,0
2/10/23 18:00,0
2/10/23 19:00,0
2/10/23 20:00,0
2/10/23 21:00,0
2/10/23 22:00,0
2/10/23 23:00,0
2/11/23 0:00,0
2/11/23 1:00,0
2/11/23 2:00,0
2/11/23 3:00,0
2/11/23 4:00,0
2/11/23 5:00,0
2/11/23 6:00,0
2/11/23 7:00,0
2/11/23 8:00,0
2/11/23 9:00,0
2/11/23 10:00,0
2/11/23 11:00,0
2/11/23 12:00,0
2/11/23 13:00,0
2/11/23 14:00,0
2/11/23 15:00,0
2/11/23 16:00,0
2/11/23 17:00,0
2/11/23 18:00,0
2/11/23 19:00,0
2/11/23 20:00,0
2/11/23 21:00,0
2/11/23 22:00,0
2/11/23 23:00,0
2/12/23 0:00,0
2/12/23 1:00,0
2/12/23 2:00,0
2/12/23 3:00,0
2/12/23 4:00,0
2/12/23 5:00,0
2/12/23 6:00,0
2/12/23 7:00,0
2/12/23 8:00,0
2/12/23 9:00,0
2/12/23 10:00,0
2/12/23 11:00,0
2/12/23 12:00,0
2/12/23 13:00,0
2/12/23 14:00,0
2/12/23 15:00,0
2/12/23 16:00,0
2/12/23 17:00,0
2/12/23 18:00,0
2/12/23 19:00,0
2/12/23 20:00,0
2/12/23 21:00,0
2/12/23 22:00,0
2/12/23 23:00,0
2/13/23 0:00,0
2/13/23 1:00,0
2/13/23 2:00,0
2/13/23 3:00,0
2/13/23 4:00,0
2/13/23 5:00,0
2/13/23 6:00,0
2/13/23 7:00,0
2/13/23 8:00,0
2/13/23 9:00,0
2/13/23 10:00,0
2/13/23 11:00,0
2/13/23 12:00,0
2/13/23 13:00,0
2/13/23 14:00,0
2/13/23 15:00,0
2/13/23 16:00,0
2/13/23 17:00,0
2/13/23 18:00,0
2/13/23 19:00,0
2/13/23 20:00,0
2/13/23 21:00,0
2/13/23 22:00,0
2/13/23 23:00,0
2/14/23 0:00,0
2/14/23 1:00,0
2/14/23 2:00,3
2/14/23 3:00,4
2/14/23 4:00,5
2/14/23 5:00,5
2/14/23 6:00,0
2/14/23 7:00,0
2/14/23 8:00,0
2/14/23 9:00,0
2/14/23 10:00,0
2/14/23 11:00,0
2/14/23 12:00,0
2/14/23 13:00,0
2/14/23 14:00,0
2/14/23 15:00,0
2/14/23 16:00,0
2/14/23 17:00,0
2/14/23 18:00,0
2/14/23 19:00,0
2/14/23 20:00,0
2/14/23 21:00,0
2/14/23 22:00,0
2/14/23 23:00,0
2/15/23 0:00,0
2/15/23 1:00,0
2/15/23 2:00,0
2/15/23 3:00,0
2/15/23 4:00,0
2/15/23 5:00,0
2/15/23 6:00,0
2/15/23 7:00,0
2/15/23 8:00,0
2/15/23 9:00,0
2/15/23 10:00,0
2/15/23 11:00,0
2/15/23 12:00,0
2/15/23 13:00,0
2/15/23 14:00,0
2/15/23 15:00,0
2/15/23 16:00,0
2/15/23 17:00,0
2/15/23 18:00,0
2/15/23 19:00,0
2/15/23 20:00,0
2/15/23 21:00,0
2/15/23 22:00,0
2/15/23 23:00,0
2/16/23 0:00,0
2/16/23 1:00,0
2/16/23 2:00,0
2/16/23 3:00,0
2/16/23 4:00,0
2/16/23 5:00,0
2/16/23 6:00,0
2/16/23 7:00,0
2/16/23 8:00,0
2/16/23 9:00,0
2/16/23 10:00,0
2/16/23 11:00,0
2/16/23 12:00,0
2/16/23 13:00,0
2/16/23 14:00,0
2/16/23 15:00,0
2/16/23 16:00,0
2/16/23 17:00,0
2/16/23 18:00,0
2/16/23 19:00,0
2/16/23 20:00,0
2/16/23 21:00,0
2/16/23 22:00,0
2/16/23 23:00,0
2/17/23 0:00,0
2/17/23 1:00,0
2/17/23 2:00,0
2/17/23 3:00,0
2/17/23 4:00,0
2/17/23 5:00,0
2/17/23 6:00,0
2/17/23 7:00,0
2/17/23 8:00,0
2/17/23 9:00,0
2/17/23 10:00,0
2/17/23 11:00,0
2/17/23 12:00,0
2/17/23 13:00,0
2/17/23 14:00,0
2/17/23 15:00,0
2/17/23 16:00,0
2/17/23 17:00,0
2/17/23 18:00,0
2/17/23 19:00,0
2/17/23 20:00,0
2/17/23 21:00,0
2/17/23 22:00,0
2/17/23 23:00,0
2/18/23 0:00,0
2/18/23 1:00,0
2/18/23 2:00,0
2/18/23 3:00,0
2/18/23 4:00,0
2/18/23 5:00,0
2/18/23 6:00,0
2/18/23 7:00,0
2/18/23 8:00,0
2/18/23 9:00,0
2/18/23 10:00,0
2/18/23 11:00,0
2/18/23 12:00,0
2/18/23 13:00,0
2/18/23 14:00,0
2/18/23 15:00,0
2/18/23 16:00,0
2/18/23 17:00,0
2/18/23 18:00,0
2/18/23 19:00,0
2/18/23 20:00,0
2/18/23 21:00,0
2/18/23 22:00,0
2/18/23 23:00,0
2/19/23 0:00,0
2/19/23 1:00,0
2/19/23 2:00,1
2/19/23 3:00,3
2/19/23 4:00,3
2/19/23 5:00,3
2/19/23 6:00,0
2/19/23 7:00,1
2/19/23 8:00,1
2/19/23 9:00,2
2/19/23 10:00,2
2/19/23 11:00,2
2/19/23 12:00,2
2/19/23 13:00,2
2/19/23 14:00,2
2/19/23 15:00,2
2/19/23 16:00,0
2/19/23 17:00,0
2/19/23 18:00,0
2/19/23 19:00,0
2/19/23 20:00,0
2/19/23 21:00,0
2/19/23 22:00,0
2/19/23 23:00,0
2/20/23 0:00,0
2/20/23 1:00,0
2/20/23 2:00,0
2/20/23 3:00,0
2/20/23 4:00,0
2/20/23 5:00,0
2/20/23 6:00,0
2/20/23 7:00,0
2/20/23 8:00,0
2/20/23 9:00,0
2/20/23 10:00,0
2/20/23 11:00,0
2/20/23 12:00,0
2/20/23 13:00,0
2/20/23 14:00,0
2/20/23 15:00,0
2/20/23 16:00,0
2/20/23 17:00,0
2/20/23 18:00,0
2/20/23 19:00,0
2/20/23 20:00,0
2/20/23 21:00,0
2/20/23 22:00,0
2/20/23 23:00,0
2/21/23 0:00,0
2/21/23 1:00,0
2/21/23 2:00,0
2/21/23 3:00,0
2/21/23 4:00,0
2/21/23 5:00,0
2/21/23 6:00,0
2/21/23 7:00,0
2/21/23 8:00,0
2/21/23 9:00,0
2/21/23 10:00,1
2/21/23 11:00,2
2/21/23 12:00,2
2/21/23 13:00,2
2/21/23 14:00,3
2/21/23 15:00,4
2/21/23 16:00,3
2/21/23 17:00,2
2/21/23 18:00,3
2/21/23 19:00,4
2/21/23 20:00,5
2/21/23 21:00,6
2/21/23 22:00,7
2/21/23 23:00,9
2/22/23 0:00,10
2/22/23 1:00,10
2/22/23 2:00,11
2/22/23 3:00,12
2/22/23 4:00,12
2/22/23 5:00,13
2/22/23 6:00,2
2/22/23 7:00,2
2/22/23 8:00,2
2/22/23 9:00,2
2/22/23 10:00,3
2/22/23 11:00,3
2/22/23 12:00,3
2/22/23 13:00,4
2/22/23 14:00,4
2/22/23 15:00,5
2/22/23 16:00,5
2/22/23 17:00,0
2/22/23 18:00,0
2/22/23 19:00,1
2/22/23 20:00,1
2/22/23 21:00,1
2/22/23 22:00,1
2/22/23 23:00,1
2/23/23 0:00,1
2/23/23 1:00,1
2/23/23 2:00,1
2/23/23 3:00,2
2/23/23 4:00,2
2/23/23 5:00,2
2/23/23 6:00,2
2/23/23 7:00,2
2/23/23 8:00,2
2/23/23 9:00,3
2/23/23 10:00,3
2/23/23 11:00,0
2/23/23 12:00,0
2/23/23 13:00,2
2/23/23 14:00,2
2/23/23 15:00,2
2/23/23 16:00,2
2/23/23 17:00,0
2/23/23 18:00,1
2/23/23 19:00,1
2/23/23 20:00,1
2/23/23 21:00,2
2/23/23 22:00,3
2/23/23 23:00,3
2/24/23 0:00,3
2/24/23 1:00,3
2/24/23 2:00,4
2/24/23 3:00,4
2/24/23 4:00,4
2/24/23 5:00,4
2/24/23 6:00,4
2/24/23 7:00,4
2/24/23 8:00,0
2/24/23 9:00,0
2/24/23 10:00,1
2/24/23 11:00,2
2/24/23 12:00,2
2/24/23 13:00,2
2/24/23 14:00,2
2/24/23 15:00,2
2/24/23 16:00,0
2/24/23 17:00,0
2/24/23 18:00,0
2/24/23 19:00,0
2/24/23 20:00,0
2/24/23 21:00,0
2/24/23 22:00,0
2/24/23 23:00,0
2/25/23 0:00,0
2/25/23 1:00,0
2/25/23 2:00,0
2/25/23 3:00,0
2/25/23 4:00,0
2/25/23 5:00,0
2/25/23 6:00,0
2/25/23 7:00,0
2/25/23 8:00,0
2/25/23 9:00,0
2/25/23 10:00,0
2/25/23 11:00,0
2/25/23 12:00,0
2/25/23 13:00,0
2/25/23 14:00,0
2/25/23 15:00,0
2/25/23 16:00,0
2/25/23 17:00,0
2/25/23 18:00,0
2/25/23 19:00,0
2/25/23 20:00,0
2/25/23 21:00,0
2/25/23 22:00,0
2/25/23 23:00,0
2/26/23 0:00,0
2/26/23 1:00,0
2/26/23 2:00,0
2/26/23 3:00,0
2/26/23 4:00,0
2/26/23 5:00,0
2/26/23 6:00,0
2/26/23 7:00,0
2/26/23 8:00,0
2/26/23 9:00,0
2/26/23 10:00,0
2/26/23 11:00,0
2/26/23 12:00,0
2/26/23 13:00,0
2/26/23 14:00,0
2/26/23 15:00,0
2/26/23 16:00,0
2/26/23 17:00,0
2/26/23 18:00,0
2/26/23 19:00,0
2/26/23 20:00,0
2/26/23 21:00,0
2/26/23 22:00,0
2/26/23 23:00,0
2/27/23 0:00,1
2/27/23 1:00,2
2/27/23 2:00,3
2/27/23 3:00,4
2/27/23 4:00,5
2/27/23 5:00,5
2/27/23 6:00,0
2/27/23 7:00,0
2/27/23 8:00,0
2/27/23 9:00,0
2/27/23 10:00,1
2/27/23 11:00,1
2/27/23 12:00,2
2/27/23 13:00,2
2/27/23 14:00,2
2/27/23 15:00,3
2/27/23 16:00,3
2/27/23 17:00,3
2/27/23 18:00,6
2/27/23 19:00,10
2/27/23 20:00,11
2/27/23 21:00,13
2/27/23 22:00,13
2/27/23 23:00,14
2/28/23 0:00,16
2/28/23 1:00,17
2/28/23 2:00,17
2/28/23 3:00,18
2/28/23 4:00,20
2/28/23 5:00,2
2/28/23 6:00,2
2/28/23 7:00,2
2/28/23 8:00,3
2/28/23 9:00,3
2/28/23 10:00,3
2/28/23 11:00,3
2/28/23 12:00,3
2/28/23 13:00,2
2/28/23 14:00,2
2/28/23 15:00,2
2/28/23 16:00,2
2/28/23 17:00,0
2/28/23 18:00,0
2/28/23 19:00,0
2/28/23 20:00,0
2/28/23 21:00,0
2/28/23 22:00,0
2/28/23 23:00,0
3/1/23 0:00,0
3/1/23 1:00,0
3/1/23 2:00,1
3/1/23 3:00,2
3/1/23 4:00,3
3/1/23 5:00,0
3/1/23 6:00,0
3/1/23 7:00,0
3/1/23 8:00,0
3/1/23 9:00,1
3/1/23 10:00,2
3/1/23 11:00,2
3/1/23 12:00,2
3/1/23 13:00,2
3/1/23 14:00,3
3/1/23 15:00,4
3/1/23 16:00,4
3/1/23 17:00,0
3/1/23 18:00,0
3/1/23 19:00,0
3/1/23 20:00,0
3/1/23 21:00,0
3/1/23 22:00,0
3/1/23 23:00,0
3/2/23 0:00,0
3/2/23 1:00,0
3/2/23 2:00,0
3/2/23 3:00,0
3/2/23 4:00,0
3/2/23 5:00,0
3/2/23 6:00,0
3/2/23 7:00,0
3/2/23 8:00,2
3/2/23 9:00,2
3/2/23 10:00,0
3/2/23 11:00,0
3/2/23 12:00,0
3/2/23 13:00,0
3/2/23 14:00,0
3/2/23 15:00,0
3/2/23 16:00,0
3/2/23 17:00,0
3/2/23 18:00,0
3/2/23 19:00,0
3/2/23 20:00,0
3/2/23 21:00,0
3/2/23 22:00,0
3/2/23 23:00,0
3/3/23 0:00,0
3/3/23 1:00,0
3/3/23 2:00,0
3/3/23 3:00,0
3/3/23 4:00,0
3/3/23 5:00,0
3/3/23 6:00,1
3/3/23 7:00,1
3/3/23 8:00,0
3/3/23 9:00,0
3/3/23 10:00,0
3/3/23 11:00,0
3/3/23 12:00,0
3/3/23 13:00,2
3/3/23 14:00,3
3/3/23 15:00,3
3/3/23 16:00,3
3/3/23 17:00,0
3/3/23 18:00,0
3/3/23 19:00,0
3/3/23 20:00,0
3/3/23 21:00,0
3/3/23 22:00,0
3/3/23 23:00,0
3/4/23 0:00,0
3/4/23 1:00,0
3/4/23 2:00,0
3/4/23 3:00,0
3/4/23 4:00,0
3/4/23 5:00,0
3/4/23 6:00,0
3/4/23 7:00,0
3/4/23 8:00,0
3/4/23 9:00,0
3/4/23 10:00,0
3/4/23 11:00,0
3/4/23 12:00,0
3/4/23 13:00,0
3/4/23 14:00,0
3/4/23 15:00,0
3/4/23 16:00,1
3/4/23 17:00,4
3/4/23 18:00,6
3/4/23 19:00,8
3/4/23 20:00,10
3/4/23 21:00,10
3/4/23 22:00,10
3/4/23 23:00,12
3/5/23 0:00,14
3/5/23 1:00,14
3/5/23 2:00,15
3/5/23 3:00,16
3/5/23 4:00,18
3/5/23 5:00,20
3/5/23 6:00,1
3/5/23 7:00,0
3/5/23 8:00,2
3/5/23 9:00,2
3/5/23 10:00,2
3/5/23 11:00,2
3/5/23 12:00,1
3/5/23 13:00,2
3/5/23 14:00,2
3/5/23 15:00,2
3/5/23 16:00,2
3/5/23 17:00,0
3/5/23 18:00,0
3/5/23 19:00,0
3/5/23 20:00,2
3/5/23 21:00,2
3/5/23 22:00,4
3/5/23 23:00,7
3/6/23 0:00,9
3/6/23 1:00,12
3/6/23 2:00,13
3/6/23 3:00,14
3/6/23 4:00,15
3/6/23 5:00,0
3/6/23 6:00,0
3/6/23 7:00,0
3/6/23 8:00,1
3/6/23 9:00,1
3/6/23 10:00,1
3/6/23 11:00,1
3/6/23 12:00,1
3/6/23 13:00,1
3/6/23 14:00,1
3/6/23 15:00,1
3/6/23 16:00,0
3/6/23 17:00,0
3/6/23 18:00,0
3/6/23 19:00,0
3/6/23 20:00,0
3/6/23 21:00,0
3/6/23 22:00,0
3/6/23 23:00,0
3/7/23 0:00,0
3/7/23 1:00,0
3/7/23 2:00,0
3/7/23 3:00,0
3/7/23 4:00,0
3/7/23 5:00,0
3/7/23 6:00,0
3/7/23 7:00,0
3/7/23 8:00,0
3/7/23 9:00,0
3/7/23 10:00,0
3/7/23 11:00,0
3/7/23 12:00,0
3/7/23 13:00,0
3/7/23 14:00,0
3/7/23 15:00,0
3/7/23 16:00,0
3/7/23 17:00,0
3/7/23 18:00,0
3/7/23 19:00,0
3/7/23 20:00,0
3/7/23 21:00,0
3/7/23 22:00,0
3/7/23 23:00,0
3/8/23 0:00,0
3/8/23 1:00,0
3/8/23 2:00,0
3/8/23 3:00,0
3/8/23 4:00,0
3/8/23 5:00,0
3/8/23 6:00,0
3/8/23 7:00,0
3/8/23 8:00,0
3/8/23 9:00,1
3/8/23 10:00,1
3/8/23 11:00,1
3/8/23 12:00,1
3/8/23 13:00,1
3/8/23 14:00,1
3/8/23 15:00,1
3/8/23 16:00,2
3/8/23 17:00,0
3/8/23 18:00,0
3/8/23 19:00,2
3/8/23 20:00,4
3/8/23 21:00,4
3/8/23 22:00,4
3/8/23 23:00,4
3/9/23 0:00,4
3/9/23 1:00,5
3/9/23 2:00,5
3/9/23 3:00,6
3/9/23 4:00,6
3/9/23 5:00,6
3/9/23 6:00,0
3/9/23 7:00,0
3/9/23 8:00,0
3/9/23 9:00,0
3/9/23 10:00,0
3/9/23 11:00,0
3/9/23 12:00,0
3/9/23 13:00,0
3/9/23 14:00,0
3/9/23 15:00,0
3/9/23 16:00,0
3/9/23 17:00,0
3/9/23 18:00,0
3/9/23 19:00,0
3/9/23 20:00,0
3/9/23 21:00,0
3/9/23 22:00,0
3/9/23 23:00,0
3/10/23 0:00,0
3/10/23 1:00,0
3/10/23 2:00,0
3/10/23 3:00,0
3/10/23 4:00,0
3/10/23 5:00,0
3/10/23 6:00,0
3/10/23 7:00,0
3/10/23 8:00,0
3/10/23 9:00,0
3/10/23 10:00,0
3/10/23 11:00,0
3/10/23 12:00,0
3/10/23 13:00,0
3/10/23 14:00,0
3/10/23 15:00,0
3/10/23 16:00,0
3/10/23 17:00,0
3/10/23 18:00,0
3/10/23 19:00,0
3/10/23 20:00,2
3/10/23 21:00,5
3/10/23 22:00,6
3/10/23 23:00,6
3/11/23 0:00,6
3/11/23 1:00,6
3/11/23 2:00,6
3/11/23 3:00,6
3/11/23 4:00,6
3/11/23 5:00,6
3/11/23 6:00,0
3/11/23 7:00,0
3/11/23 8:00,0
3/11/23 9:00,0
3/11/23 10:00,0
3/11/23 11:00,0
3/11/23 12:00,0
3/11/23 13:00,0
3/11/23 14:00,0
3/11/23 15:00,0
3/11/23 16:00,0
3/11/23 17:00,0
3/11/23 18:00,0
3/11/23 19:00,0
3/11/23 20:00,0
3/11/23 21:00,0
3/11/23 22:00,0
3/11/23 23:00,0
3/12/23 0:00,0
3/12/23 1:00,0
3/12/23 3:00,0
3/12/23 4:00,0
3/12/23 5:00,0
3/12/23 6:00,0
3/12/23 7:00,0
3/12/23 8:00,0
3/12/23 9:00,0
3/12/23 10:00,0
3/12/23 11:00,1
3/12/23 12:00,1
3/12/23 13:00,1
3/12/23 14:00,2
3/12/23 15:00,2
3/12/23 16:00,2
3/12/23 17:00,0
3/12/23 18:00,0
3/12/23 19:00,0
3/12/23 20:00,0
3/12/23 21:00,0
3/12/23 22:00,0
3/12/23 23:00,0
3/13/23 0:00,0
3/13/23 1:00,0
3/13/23 2:00,0
3/13/23 3:00,0
3/13/23 4:00,0
3/13/23 5:00,0
3/13/23 6:00,0
3/13/23 7:00,0
3/13/23 8:00,0
3/13/23 9:00,0
3/13/23 10:00,0
3/13/23 11:00,0
3/13/23 12:00,0
3/13/23 13:00,0
3/13/23 14:00,0
3/13/23 15:00,0
3/13/23 16:00,0
3/13/23 17:00,0
3/13/23 18:00,0
3/13/23 19:00,0
3/13/23 20:00,0
3/13/23 21:00,0
3/13/23 22:00,0
3/13/23 23:00,0
3/14/23 0:00,0
3/14/23 1:00,0
3/14/23 2:00,0
3/14/23 3:00,0
3/14/23 4:00,0
3/14/23 5:00,0
3/14/23 6:00,0
3/14/23 7:00,0
3/14/23 8:00,0
3/14/23 9:00,0
3/14/23 10:00,0
3/14/23 11:00,0
3/14/23 12:00,0
3/14/23 13:00,0
3/14/23 14:00,0
3/14/23 15:00,0
3/14/23 16:00,0
3/14/23 17:00,0
3/14/23 18:00,2
3/14/23 19:00,2
3/14/23 20:00,2
3/14/23 21:00,2
3/14/23 22:00,2
3/14/23 23:00,3
3/15/23 0:00,3
3/15/23 1:00,3
3/15/23 2:00,3
3/15/23 3:00,4
3/15/23 4:00,4
3/15/23 5:00,4
3/15/23 6:00,5
3/15/23 7:00,6
3/15/23 8:00,8
3/15/23 9:00,10
3/15/23 10:00,12
3/15/23 11:00,0
3/15/23 12:00,1
3/15/23 13:00,2
3/15/23 14:00,3
3/15/23 15:00,4
3/15/23 16:00,0
3/15/23 17:00,0
3/15/23 18:00,0
3/15/23 19:00,0
3/15/23 20:00,0
3/15/23 21:00,0
3/15/23 22:00,0
3/15/23 23:00,0
3/16/23 0:00,0
3/16/23 1:00,0
3/16/23 2:00,0
3/16/23 3:00,0
3/16/23 4:00,0
3/16/23 5:00,0
3/16/23 6:00,0
3/16/23 7:00,0
3/16/23 8:00,0
3/16/23 9:00,0
3/16/23 10:00,0
3/16/23 11:00,0
3/16/23 12:00,0
3/16/23 13:00,0
3/16/23 14:00,0
3/16/23 15:00,0
3/16/23 16:00,0
3/16/23 17:00,0
3/16/23 18:00,0
3/16/23 19:00,0
3/16/23 20:00,0
3/16/23 21:00,0
3/16/23 22:00,0
3/16/23 23:00,0
3/17/23 0:00,0
3/17/23 1:00,0
3/17/23 2:00,0
3/17/23 3:00,0
3/17/23 4:00,0
3/17/23 5:00,0
3/17/23 6:00,0
3/17/23 7:00,0
3/17/23 8:00,0
3/17/23 9:00,0
3/17/23 10:00,0
3/17/23 11:00,0
3/17/23 12:00,0
3/17/23 13:00,0
3/17/23 14:00,0
3/17/23 15:00,0
3/17/23 16:00,0
3/17/23 17:00,0
3/17/23 18:00,0
3/17/23 19:00,0
3/17/23 20:00,0
3/17/23 21:00,0
3/17/23 22:00,0
3/17/23 23:00,0
3/18/23 0:00,0
3/18/23 1:00,0
3/18/23 2:00,0
3/18/23 3:00,0
3/18/23 4:00,0
3/18/23 5:00,0
3/18/23 6:00,0
3/18/23 7:00,0
3/18/23 8:00,0
3/18/23 9:00,0
3/18/23 10:00,0
3/18/23 11:00,0
3/18/23 12:00,0
3/18/23 13:00,0
3/18/23 14:00,0
3/18/23 15:00,0
3/18/23 16:00,0
3/18/23 17:00,0
3/18/23 18:00,0
3/18/23 19:00,0
3/18/23 20:00,0
3/18/23 21:00,0
3/18/23 22:00,0
3/18/23 23:00,0
3/19/23 0:00,0
3/19/23 1:00,0
3/19/23 2:00,0
3/19/23 3:00,0
3/19/23 4:00,0
3/19/23 5:00,0
3/19/23 6:00,0
3/19/23 7:00,0
3/19/23 8:00,0
3/19/23 9:00,0
3/19/23 10:00,0
3/19/23 11:00,0
3/19/23 12:00,0
3/19/23 13:00,0
3/19/23 14:00,0
3/19/23 15:00,0
3/19/23 16:00,0
3/19/23 17:00,0
3/19/23 18:00,0
3/19/23 19:00,0
3/19/23 20:00,0
3/19/23 21:00,0
3/19/23 22:00,0
3/19/23 23:00,0
3/20/23 0:00,1
3/20/23 1:00,2
3/20/23 2:00,3
3/20/23 3:00,4
3/20/23 4:00,5
3/20/23 5:00,5
3/20/23 6:00,0
3/20/23 7:00,0
3/20/23 8:00,1
3/20/23 9:00,2
3/20/23 10:00,3
3/20/23 11:00,3
3/20/23 12:00,3
3/20/23 13:00,3
3/20/23 14:00,3
3/20/23 15:00,3
3/20/23 16:00,6
3/20/23 17:00,6
3/20/23 18:00,0
3/20/23 19:00,0
3/20/23 20:00,0
3/20/23 21:00,0
3/20/23 22:00,1
3/20/23 23:00,1
3/21/23 0:00,3
3/21/23 1:00,3
3/21/23 2:00,3
3/21/23 3:00,3
3/21/23 4:00,3
3/21/23 5:00,3
3/21/23 6:00,3
3/21/23 7:00,0
3/21/23 8:00,0
3/21/23 9:00,0
3/21/23 10:00,0
3/21/23 11:00,0
3/21/23 12:00,0
3/21/23 13:00,0
3/21/23 14:00,0
3/21/23 15:00,0
3/21/23 16:00,0
3/21/23 17:00,0
3/21/23 18:00,0
3/21/23 19:00,0
3/21/23 20:00,0
3/21/23 21:00,0
3/21/23 22:00,2
3/21/23 23:00,3
3/22/23 0:00,4
3/22/23 1:00,4
3/22/23 2:00,5
3/22/23 3:00,6
3/22/23 4:00,6
3/22/23 5:00,6
3/22/23 6:00,0
3/22/23 7:00,1
3/22/23 8:00,2
3/22/23 9:00,2
3/22/23 10:00,2
3/22/23 11:00,3
3/22/23 12:00,4
3/22/23 13:00,5
3/22/23 14:00,6
3/22/23 15:00,8
3/22/23 16:00,8
3/22/23 17:00,0
3/22/23 18:00,1
3/22/23 19:00,3
3/22/23 20:00,4
3/22/23 21:00,5
3/22/23 22:00,5
3/22/23 23:00,5
3/23/23 0:00,5
3/23/23 1:00,5
3/23/23 2:00,5
3/23/23 3:00,5
3/23/23 4:00,5
3/23/23 5:00,5
3/23/23 6:00,5
3/23/23 7:00,6
3/23/23 8:00,6
3/23/23 9:00,6
3/23/23 10:00,7
3/23/23 11:00,0
3/23/23 12:00,1
3/23/23 13:00,0
3/23/23 14:00,0
3/23/23 15:00,0
3/23/23 16:00,0
3/23/23 17:00,1
3/23/23 18:00,1
3/23/23 19:00,1
3/23/23 20:00,1
3/23/23 21:00,1
3/23/23 22:00,1
3/23/23 23:00,1
3/24/23 0:00,1
3/24/23 1:00,1
3/24/23 2:00,1
3/24/23 3:00,1
3/24/23 4:00,1
3/24/23 5:00,1
3/24/23 6:00,2
3/24/23 7:00,3
3/24/23 8:00,6
3/24/23 9:00,2
3/24/23 10:00,4
3/24/23 11:00,5
3/24/23 12:00,5
3/24/23 13:00,10
3/24/23 14:00,12
3/24/23 15:00,13
3/24/23 16:00,0
3/24/23 17:00,2
3/24/23 18:00,2
3/24/23 19:00,3
3/24/23 20:00,3
3/24/23 21:00,4
3/24/23 22:00,5
3/24/23 23:00,5
3/25/23 0:00,6
3/25/23 1:00,6
3/25/23 2:00,6
3/25/23 3:00,6
3/25/23 4:00,6
3/25/23 5:00,7
3/25/23 6:00,7
3/25/23 7:00,0
3/25/23 8:00,0
3/25/23 9:00,0
3/25/23 10:00,0
3/25/23 11:00,0
3/25/23 12:00,1
3/25/23 13:00,1
3/25/23 14:00,1
3/25/23 15:00,1
3/25/23 16:00,0
3/25/23 17:00,0
3/25/23 18:00,0
3/25/23 19:00,0
3/25/23 20:00,0
3/25/23 21:00,0
3/25/23 22:00,0
3/25/23 23:00,0
3/26/23 0:00,0
3/26/23 1:00,0
3/26/23 2:00,0
3/26/23 3:00,0
3/26/23 4:00,0
3/26/23 5:00,0
3/26/23 6:00,0
3/26/23 7:00,0
3/26/23 8:00,0
3/26/23 9:00,0
3/26/23 10:00,0
3/26/23 11:00,0
3/26/23 12:00,0
3/26/23 13:00,0
3/26/23 14:00,0
3/26/23 15:00,0
3/26/23 16:00,0
3/26/23 17:00,0
3/26/23 18:00,0
3/26/23 19:00,0
3/26/23 20:00,0
3/26/23 21:00,0
3/26/23 22:00,0
3/26/23 23:00,0
3/27/23 0:00,0
3/27/23 1:00,1
3/27/23 2:00,2
3/27/23 3:00,3
3/27/23 4:00,4
3/27/23 5:00,5
3/27/23 6:00,6
3/27/23 7:00,6
3/27/23 8:00,7
3/27/23 9:00,0
3/27/23 10:00,0
3/27/23 11:00,0
3/27/23 12:00,1
3/27/23 13:00,2
3/27/23 14:00,2
3/27/23 15:00,2
3/27/23 16:00,0
3/27/23 17:00,0
3/27/23 18:00,0
3/27/23 19:00,0
3/27/23 20:00,0
3/27/23 21:00,0
3/27/23 22:00,0
3/27/23 23:00,0
3/28/23 0:00,0
3/28/23 1:00,0
3/28/23 2:00,0
3/28/23 3:00,0
3/28/23 4:00,0
3/28/23 5:00,0
3/28/23 6:00,0
3/28/23 7:00,0
3/28/23 8:00,0
3/28/23 9:00,0
3/28/23 10:00,0
3/28/23 11:00,0
3/28/23 12:00,0
3/28/23 13:00,0
3/28/23 14:00,0
3/28/23 15:00,0
3/28/23 16:00,0
3/28/23 17:00,0
3/28/23 18:00,0
3/28/23 19:00,0
3/28/23 20:00,0
3/28/23 21:00,0
3/28/23 22:00,0
3/28/23 23:00,0
3/29/23 0:00,0
3/29/23 1:00,0
3/29/23 2:00,0
3/29/23 3:00,0
3/29/23 4:00,0
3/29/23 5:00,0
3/29/23 6:00,0
3/29/23 7:00,0
3/29/23 8:00,0
3/29/23 9:00,0
3/29/23 10:00,0
3/29/23 11:00,0
3/29/23 12:00,0
3/29/23 13:00,0
3/29/23 14:00,0
3/29/23 15:00,0
3/29/23 16:00,0
3/29/23 17:00,0
3/29/23 18:00,0
3/29/23 19:00,2
3/29/23 20:00,3
3/29/23 21:00,4
3/29/23 22:00,6
3/29/23 23:00,7
3/30/23 0:00,9
3/30/23 1:00,11
3/30/23 2:00,13
3/30/23 3:00,14
3/30/23 4:00,0
3/30/23 5:00,0
3/30/23 6:00,0
3/30/23 7:00,0
3/30/23 8:00,1
3/30/23 9:00,0
3/30/23 10:00,0
3/30/23 11:00,0
3/30/23 12:00,0
3/30/23 13:00,1
3/30/23 14:00,3
3/30/23 15:00,4
3/30/23 16:00,0
3/30/23 17:00,0
3/30/23 18:00,0
3/30/23 19:00,0
3/30/23 20:00,0
3/30/23 21:00,0
3/30/23 22:00,2
3/30/23 23:00,3
3/31/23 0:00,4
3/31/23 1:00,5
3/31/23 2:00,11
3/31/23 3:00,13
3/31/23 4:00,15
3/31/23 5:00,16
3/31/23 6:00,17
3/31/23 7:00,19
3/31/23 8:00,2
3/31/23 9:00,2
3/31/23 10:00,4
3/31/23 11:00,6
3/31/23 12:00,7
3/31/23 13:00,7
3/31/23 14:00,7
3/31/23 15:00,7
3/31/23 16:00,0
3/31/23 17:00,0
3/31/23 18:00,0
3/31/23 19:00,0
3/31/23 20:00,0
3/31/23 21:00,0
3/31/23 22:00,0
3/31/23 23:00,0
4/1/23 0:00,0
4/1/23 1:00,0
4/1/23 2:00,0
4/1/23 3:00,0
4/1/23 4:00,0
4/1/23 5:00,0
4/1/23 6:00,0
4/1/23 7:00,0
4/1/23 8:00,0
4/1/23 9:00,0
4/1/23 10:00,0
4/1/23 11:00,0
4/1/23 12:00,0
4/1/23 13:00,0
4/1/23 14:00,0
4/1/23 15:00,0
4/1/23 16:00,0
4/1/23 17:00,0
4/1/23 18:00,0
4/1/23 19:00,0
4/1/23 20:00,0
4/1/23 21:00,0
4/1/23 22:00,0
4/1/23 23:00,0
4/2/23 0:00,0
4/2/23 1:00,0
4/2/23 2:00,0
4/2/23 3:00,0
4/2/23 4:00,0
4/2/23 5:00,0
4/2/23 6:00,0
4/2/23 7:00,0
4/2/23 8:00,0
4/2/23 9:00,1
4/2/23 10:00,0
4/2/23 11:00,0
4/2/23 12:00,0
4/2/23 13:00,0
4/2/23 14:00,0
4/2/23 15:00,0
4/2/23 16:00,0
4/2/23 17:00,0
4/2/23 18:00,0
4/2/23 19:00,0
4/2/23 20:00,0
4/2/23 21:00,0
4/2/23 22:00,0
4/2/23 23:00,1
4/3/23 0:00,1
4/3/23 1:00,1
4/3/23 2:00,1
4/3/23 3:00,1
4/3/23 4:00,2
4/3/23 5:00,2
4/3/23 6:00,3
4/3/23 7:00,5
4/3/23 8:00,6
4/3/23 9:00,7
4/3/23 10:00,7
4/3/23 11:00,7
4/3/23 12:00,8
4/3/23 13:00,8
4/3/23 14:00,9
4/3/23 15:00,9
4/3/23 16:00,10
4/3/23 17:00,1
4/3/23 18:00,3
4/3/23 19:00,6
4/3/23 20:00,7
4/3/23 21:00,9
4/3/23 22:00,9
4/3/23 23:00,10
4/4/23 0:00,11
4/4/23 1:00,13
4/4/23 2:00,15
4/4/23 3:00,16
4/4/23 4:00,17
4/4/23 5:00,17
4/4/23 6:00,4
4/4/23 7:00,6
4/4/23 8:00,6
4/4/23 9:00,8
4/4/23 10:00,8
4/4/23 11:00,9
4/4/23 12:00,9
4/4/23 13:00,10
4/4/23 14:00,10
4/4/23 15:00,10
4/4/23 16:00,11
4/4/23 17:00,0
4/4/23 18:00,3
4/4/23 19:00,3
4/4/23 20:00,5
4/4/23 21:00,8
4/4/23 22:00,9
4/4/23 23:00,11
4/5/23 0:00,14
4/5/23 1:00,15
4/5/23 2:00,15
4/5/23 3:00,15
4/5/23 4:00,15
4/5/23 5:00,15
4/5/23 6:00,0
4/5/23 7:00,1
4/5/23 8:00,2
4/5/23 9:00,2
4/5/23 10:00,2
4/5/23 11:00,3
4/5/23 12:00,3
4/5/23 13:00,3
4/5/23 14:00,3
4/5/23 15:00,3
4/5/23 16:00,0
4/5/23 17:00,0
4/5/23 18:00,0
4/5/23 19:00,0
4/5/23 20:00,0
4/5/23 21:00,0
4/5/23 22:00,0
4/5/23 23:00,0
4/6/23 0:00,0
4/6/23 1:00,0
4/6/23 2:00,0
4/6/23 3:00,0
4/6/23 4:00,0
4/6/23 5:00,0
4/6/23 6:00,0
4/6/23 7:00,0
4/6/23 8:00,0
4/6/23 9:00,0
4/6/23 10:00,0
4/6/23 11:00,0
4/6/23 12:00,0
4/6/23 13:00,0
4/6/23 14:00,0
4/6/23 15:00,0
4/6/23 16:00,0
4/6/23 17:00,0
4/6/23 18:00,0
4/6/23 19:00,0
4/6/23 20:00,0
4/6/23 21:00,0
4/6/23 22:00,0
4/6/23 23:00,0
4/7/23 0:00,0
4/7/23 1:00,0
4/7/23 2:00,0
4/7/23 3:00,0
4/7/23 4:00,0
4/7/23 5:00,0
4/7/23 6:00,0
4/7/23 7:00,0
4/7/23 8:00,0
4/7/23 9:00,0
4/7/23 10:00,0
4/7/23 11:00,0
4/7/23 12:00,0
4/7/23 13:00,0
4/7/23 14:00,0
4/7/23 15:00,0
4/7/23 16:00,0
4/7/23 17:00,0
4/7/23 18:00,0
4/7/23 19:00,0
4/7/23 20:00,0
4/7/23 21:00,0
4/7/23 22:00,0
4/7/23 23:00,0
4/8/23 0:00,0
4/8/23 1:00,0
4/8/23 2:00,0
4/8/23 3:00,0
4/8/23 4:00,0
4/8/23 5:00,0
4/8/23 6:00,0
4/8/23 7:00,0
4/8/23 8:00,0
4/8/23 9:00,0
4/8/23 10:00,0
4/8/23 11:00,0
4/8/23 12:00,0
4/8/23 13:00,0
4/8/23 14:00,0
4/8/23 15:00,0
4/8/23 16:00,0
4/8/23 17:00,0
4/8/23 18:00,0
4/8/23 19:00,0
4/8/23 20:00,0
4/8/23 21:00,0
4/8/23 22:00,0
4/8/23 23:00,0
4/9/23 0:00,0
4/9/23 1:00,0
4/9/23 2:00,0
4/9/23 3:00,0
4/9/23 4:00,0
4/9/23 5:00,0
4/9/23 6:00,0
4/9/23 7:00,0
4/9/23 8:00,0
4/9/23 9:00,0
4/9/23 10:00,0
4/9/23 11:00,0
4/9/23 12:00,0
4/9/23 13:00,0
4/9/23 14:00,0
4/9/23 15:00,0
4/9/23 16:00,0
4/9/23 17:00,0
4/9/23 18:00,0
4/9/23 19:00,0
4/9/23 20:00,0
4/9/23 21:00,0
4/9/23 22:00,0
4/9/23 23:00,0
4/10/23 0:00,0
4/10/23 1:00,0
4/10/23 2:00,0
4/10/23 3:00,0
4/10/23 4:00,0
4/10/23 5:00,0
4/10/23 6:00,0
4/10/23 7:00,0
4/10/23 8:00,0
4/10/23 9:00,0
4/10/23 10:00,0
4/10/23 11:00,0
4/10/23 12:00,0
4/10/23 13:00,0
4/10/23 14:00,0
4/10/23 15:00,0
4/10/23 16:00,0
4/10/23 17:00,0
4/10/23 18:00,0
4/10/23 19:00,0
4/10/23 20:00,0
4/10/23 21:00,0
4/10/23 22:00,0
4/10/23 23:00,0
4/11/23 0:00,0
4/11/23 1:00,0
4/11/23 2:00,0
4/11/23 3:00,0
4/11/23 4:00,0
4/11/23 5:00,0
4/11/23 6:00,0
4/11/23 7:00,0
4/11/23 8:00,0
4/11/23 9:00,0
4/11/23 10:00,0
4/11/23 11:00,0
4/11/23 12:00,0
4/11/23 13:00,0
4/11/23 14:00,0
4/11/23 15:00,0
4/11/23 16:00,0
4/11/23 17:00,0
4/11/23 18:00,0
4/11/23 19:00,0
4/11/23 20:00,0
4/11/23 21:00,0
4/11/23 22:00,0
4/11/23 23:00,0
4/12/23 0:00,0
4/12/23 1:00,0
4/12/23 2:00,0
4/12/23 3:00,0
4/12/23 4:00,0
4/12/23 5:00,0
4/12/23 6:00,0
4/12/23 7:00,0
4/12/23 8:00,0
4/12/23 9:00,0
4/12/23 10:00,0
4/12/23 11:00,0
4/12/23 12:00,0
4/12/23 13:00,0
4/12/23 14:00,0
4/12/23 15:00,0
4/12/23 16:00,0
4/12/23 17:00,0
4/12/23 18:00,0
4/12/23 19:00,0
4/12/23 20:00,0
4/12/23 21:00,0
4/12/23 22:00,0
4/12/23 23:00,0
4/13/23 0:00,0
4/13/23 1:00,0
4/13/23 2:00,0
4/13/23 3:00,0
4/13/23 4:00,0
4/13/23 5:00,0
4/13/23 6:00,0
4/13/23 7:00,0
4/13/23 8:00,0
4/13/23 9:00,0
4/13/23 10:00,0
4/13/23 11:00,0
4/13/23 12:00,0
4/13/23 13:00,0
4/13/23 14:00,0
4/13/23 15:00,0
4/13/23 16:00,0
4/13/23 17:00,0
4/13/23 18:00,0
4/13/23 19:00,0
4/13/23 20:00,0
4/13/23 21:00,0
4/13/23 22:00,0
4/13/23 23:00,0
4/14/23 0:00,0
4/14/23 1:00,0
4/14/23 2:00,0
4/14/23 3:00,0
4/14/23 4:00,0
4/14/23 5:00,0
4/14/23 6:00,0
4/14/23 7:00,0
4/14/23 8:00,0
4/14/23 9:00,0
4/14/23 10:00,0
4/14/23 11:00,0
4/14/23 12:00,0
4/14/23 13:00,0
4/14/23 14:00,0
4/14/23 15:00,0
4/14/23 16:00,0
4/14/23 17:00,0
4/14/23 18:00,0
4/14/23 19:00,0
4/14/23 20:00,0
4/14/23 21:00,0
4/14/23 22:00,0
4/14/23 23:00,0
4/15/23 0:00,0
4/15/23 1:00,0
4/15/23 2:00,0
4/15/23 3:00,0
4/15/23 4:00,0
4/15/23 5:00,0
4/15/23 6:00,0
4/15/23 7:00,0
4/15/23 8:00,0
4/15/23 9:00,0
4/15/23 10:00,0
4/15/23 11:00,0
4/15/23 12:00,0
4/15/23 13:00,0
4/15/23 14:00,0
4/15/23 15:00,0
4/15/23 16:00,0
4/15/23 17:00,0
4/15/23 18:00,0
4/15/23 19:00,0
4/15/23 20:00,0
4/15/23 21:00,0
4/15/23 22:00,0
4/15/23 23:00,0
4/16/23 0:00,0
4/16/23 1:00,0
4/16/23 2:00,0
4/16/23 3:00,0
4/16/23 4:00,0
4/16/23 5:00,0
4/16/23 6:00,0
4/16/23 7:00,0
4/16/23 8:00,0
4/16/23 9:00,0
4/16/23 10:00,0
4/16/23 11:00,0
4/16/23 12:00,0
4/16/23 13:00,0
4/16/23 14:00,0
4/16/23 15:00,0
4/16/23 16:00,0
4/16/23 17:00,0
4/16/23 18:00,0
4/16/23 19:00,0
4/16/23 20:00,0
4/16/23 21:00,0
4/16/23 22:00,0
4/16/23 23:00,0
4/17/23 0:00,0
4/17/23 1:00,0
4/17/23 2:00,0
4/17/23 3:00,0
4/17/23 4:00,0
4/17/23 5:00,0
4/17/23 6:00,0
4/17/23 7:00,0
4/17/23 8:00,0
4/17/23 9:00,0
4/17/23 10:00,0
4/17/23 11:00,0
4/17/23 12:00,0
4/17/23 13:00,0
4/17/23 14:00,0
4/17/23 15:00,0
4/17/23 16:00,0
4/17/23 17:00,0
4/17/23 18:00,0
4/17/23 19:00,0
4/17/23 20:00,0
4/17/23 21:00,0
4/17/23 22:00,0
4/17/23 23:00,0
4/18/23 0:00,0
4/18/23 1:00,0
4/18/23 2:00,0
4/18/23 3:00,0
4/18/23 4:00,0
4/18/23 5:00,0
4/18/23 6:00,0
4/18/23 7:00,0
4/18/23 8:00,0
4/18/23 9:00,1
4/18/23 10:00,2
4/18/23 11:00,2
4/18/23 12:00,2
4/18/23 13:00,2
4/18/23 14:00,2
4/18/23 15:00,2
4/18/23 16:00,2
4/18/23 17:00,0
4/18/23 18:00,0
4/18/23 19:00,2
4/18/23 20:00,2
4/18/23 21:00,2
4/18/23 22:00,2
4/18/23 23:00,2
4/19/23 0:00,1
4/19/23 1:00,1
4/19/23 2:00,0
4/19/23 3:00,1
4/19/23 4:00,1
4/19/23 5:00,0
4/19/23 6:00,0
4/19/23 7:00,0
4/19/23 8:00,0
4/19/23 9:00,0
4/19/23 10:00,0
4/19/23 11:00,0
4/19/23 12:00,0
4/19/23 13:00,0
4/19/23 14:00,0
4/19/23 15:00,0
4/19/23 16:00,0
4/19/23 17:00,0
4/19/23 18:00,0
4/19/23 19:00,0
4/19/23 20:00,0
4/19/23 21:00,0
4/19/23 22:00,0
4/19/23 23:00,0
4/20/23 0:00,0
4/20/23 1:00,0
4/20/23 2:00,0
4/20/23 3:00,0
4/20/23 4:00,0
4/20/23 5:00,0
4/20/23 6:00,0
4/20/23 7:00,0
4/20/23 8:00,0
4/20/23 9:00,1
4/20/23 10:00,2
4/20/23 11:00,2
4/20/23 12:00,3
4/20/23 13:00,3
4/20/23 14:00,0
4/20/23 15:00,0
4/20/23 16:00,0
4/20/23 17:00,0